[{"isActive":true,"id":"mainCanvas0","number":0,"solidColor":"#f6f6f6","layout":{"name":"Caption Above","id":"caption-above"},"gradient":{"isSet":true,"colorOne":"#f2515e","colorTwo":"#40C4FF","sizes":{"googlePixel3":{"x0":1320,"y0":2640,"x1":0,"y1":0},"googlePixel3XL":{"x0":1740,"y0":3409,"x1":0,"y1":0},"samsungGalaxyS9":{"x0":1720,"y0":3440,"x1":0,"y1":0},"nexus6P":{"x0":1736,"y0":3470,"x1":0,"y1":0},"nexus9":{"x0":1896,"y0":2648,"x1":0,"y1":0},"samsungTabA":{"x0":1200,"y0":1920,"x1":0,"y1":0},"samsungTabS5e":{"x0":1600,"y0":2560,"x1":0,"y1":0}}},"backgroundImage":{"sizes":{"googlePixel3":{"image":{},"isSet":false},"googlePixel3XL":{"image":{},"isSet":false},"samsungGalaxyS9":{"image":{},"isSet":false},"nexus6P":{"image":{},"isSet":false},"nexus9":{"image":{},"isSet":false},"samsungTabA":{"image":{},"isSet":false},"samsungTabS5e":{"image":{},"isSet":false}}},"deviceFrame":{"isSet":true,"type":"default","sizes":{"googlePixel3":{"image":{},"x":0,"y":0,"width":1320,"height":2640},"googlePixel3XL":{"image":{},"x":0,"y":0,"width":1740,"height":3409},"samsungGalaxyS9":{"image":{},"x":0,"y":0,"width":1720,"height":3440},"nexus6P":{"image":{},"x":0,"y":0,"width":1736,"height":3470},"nexus9":{"image":{},"x":0,"y":0,"width":1896,"height":2648},"samsungTabA":{"image":{},"x":0,"y":0,"width":1200,"height":1920},"samsungTabS5e":{"image":{},"x":0,"y":0,"width":1600,"height":2560}},"rotationDegrees":45,"rotationDirection":"forward"},"snapshot":{"sizes":{"googlePixel3":{"image":{},"isSet":true,"x":120,"y":240,"width":1080,"height":2160},"googlePixel3XL":{"image":{},"isSet":false,"x":150,"y":150,"width":1440,"height":2960},"samsungGalaxyS9":{"image":{},"isSet":false,"x":140,"y":240,"width":1440,"height":2960},"nexus6P":{"image":{},"isSet":false,"x":144,"y":465,"width":1440,"height":2560},"nexus9":{"image":{},"isSet":false,"x":180,"y":300,"width":1536,"height":2048},"samsungTabA":{"image":{},"isSet":false,"x":142,"y":239,"width":910,"height":1452},"samsungTabS5e":{"image":{},"isSet":false,"x":138,"y":227,"width":1322,"height":2107}},"rotationDegrees":45,"rotationDirection":"forward"},"caption":{"isAbove":true,"isEnabled":true,"isSet":true,"value":"Volume control","positions":{"googlePixel3":{"x":100,"y":220},"googlePixel3XL":{"x":100,"y":220},"samsungGalaxyS9":{"x":100,"y":220},"nexus6P":{"x":100,"y":220},"nexus9":{"x":100,"y":220},"samsungTabA":{"x":100,"y":220},"samsungTabS5e":{"x":100,"y":220}},"font":{"family":"Roboto","lineHeight":200,"weight":"300","style":"normal","size":180,"align":"left","color":"#FFFFFF"}},"subCaption":{"isEnabled":true,"isSet":true,"value":"\n-tiny apk size\n-no trackers\n-no ads","positions":{"googlePixel3":{"x":100,"y":220},"googlePixel3XL":{"x":100,"y":220},"samsungGalaxyS9":{"x":100,"y":220},"nexus6P":{"x":100,"y":220},"nexus9":{"x":100,"y":220},"samsungTabA":{"x":100,"y":220},"samsungTabS5e":{"x":100,"y":220}},"font":{"family":"Open Sans","lineHeight":150,"weight":"400","style":"normal","size":100,"align":"left","color":"#FFFFFF"}}},{"isActive":true,"id":"mainCanvas1","number":1,"solidColor":"#f6f6f6","layout":{"name":"Rotated Right 2","id":"rotated-right-2"},"gradient":{"isSet":true,"colorOne":"#f2515e","colorTwo":"#40C4FF","sizes":{"googlePixel3":{"x0":0,"y0":2640,"x1":1320,"y1":0},"googlePixel3XL":{"x0":0,"y0":3409,"x1":1740,"y1":0},"samsungGalaxyS9":{"x0":0,"y0":3440,"x1":1720,"y1":0},"nexus6P":{"x0":0,"y0":3470,"x1":1736,"y1":0},"nexus9":{"x0":0,"y0":2648,"x1":1896,"y1":0},"samsungTabA":{"x0":0,"y0":1920,"x1":1200,"y1":0},"samsungTabS5e":{"x0":0,"y0":2560,"x1":1600,"y1":0}}},"backgroundImage":{"sizes":{"googlePixel3":{"image":{},"isSet":false},"googlePixel3XL":{"image":{},"isSet":false},"samsungGalaxyS9":{"image":{},"isSet":false},"nexus6P":{"image":{},"isSet":false},"nexus9":{"image":{},"isSet":false},"samsungTabA":{"image":{},"isSet":false},"samsungTabS5e":{"image":{},"isSet":false}}},"deviceFrame":{"isSet":true,"type":"default","sizes":{"googlePixel3":{"image":{},"x":0,"y":0,"width":1320,"height":2640},"googlePixel3XL":{"image":{},"x":0,"y":0,"width":1740,"height":3409},"samsungGalaxyS9":{"image":{},"x":0,"y":0,"width":1720,"height":3440},"nexus6P":{"image":{},"x":0,"y":0,"width":1736,"height":3470},"nexus9":{"image":{},"x":0,"y":0,"width":1896,"height":2648},"samsungTabA":{"image":{},"x":0,"y":0,"width":1200,"height":1920},"samsungTabS5e":{"image":{},"x":0,"y":0,"width":1600,"height":2560}},"rotationDegrees":45,"rotationDirection":"forward"},"snapshot":{"sizes":{"googlePixel3":{"image":{},"isSet":true,"x":120,"y":240,"width":1080,"height":2160},"googlePixel3XL":{"image":{},"isSet":false,"x":150,"y":150,"width":1440,"height":2960},"samsungGalaxyS9":{"image":{},"isSet":false,"x":140,"y":240,"width":1440,"height":2960},"nexus6P":{"image":{},"isSet":false,"x":144,"y":465,"width":1440,"height":2560},"nexus9":{"image":{},"isSet":false,"x":180,"y":300,"width":1536,"height":2048},"samsungTabA":{"image":{},"isSet":false,"x":142,"y":239,"width":910,"height":1452},"samsungTabS5e":{"image":{},"isSet":false,"x":138,"y":227,"width":1322,"height":2107}},"rotationDegrees":45,"rotationDirection":"forward"},"caption":{"isAbove":false,"isEnabled":true,"isSet":true,"value":"","positions":{"googlePixel3":{"x":660,"y":2425},"googlePixel3XL":{"x":870,"y":3194},"samsungGalaxyS9":{"x":860,"y":3225},"nexus6P":{"x":868,"y":3255},"nexus9":{"x":958,"y":2433},"samsungTabA":{"x":600,"y":1800},"samsungTabS5e":{"x":800,"y":2345}},"font":{"family":"Playfair Display","lineHeight":120,"weight":400,"style":"normal","size":90,"align":"center","color":"#000000"}},"subCaption":{"isEnabled":true,"isSet":true,"value":"With light and dark theme","positions":{"googlePixel3":{"x":660,"y":2425},"googlePixel3XL":{"x":870,"y":3194},"samsungGalaxyS9":{"x":860,"y":3225},"nexus6P":{"x":868,"y":3255},"nexus9":{"x":958,"y":2433},"samsungTabA":{"x":600,"y":1800},"samsungTabS5e":{"x":800,"y":2345}},"font":{"family":"Open Sans","lineHeight":150,"weight":"400","style":"normal","size":100,"align":"center","color":"#FFFFFF"}}},{"isActive":true,"id":"mainCanvas2","number":2,"solidColor":"#f6f6f6","layout":{"name":"Caption Above","id":"caption-above"},"gradient":{"isSet":true,"colorOne":"#f2515e","colorTwo":"#40C4FF","sizes":{"googlePixel3":{"x0":0,"y0":0,"x1":1320,"y1":2640},"googlePixel3XL":{"x0":0,"y0":0,"x1":1740,"y1":3409},"samsungGalaxyS9":{"x0":0,"y0":0,"x1":1720,"y1":3440},"nexus6P":{"x0":0,"y0":0,"x1":1736,"y1":3470},"nexus9":{"x0":0,"y0":0,"x1":1896,"y1":2648},"samsungTabA":{"x0":0,"y0":0,"x1":1200,"y1":1920},"samsungTabS5e":{"x0":0,"y0":0,"x1":1600,"y1":2560}}},"backgroundImage":{"sizes":{"googlePixel3":{"image":{},"isSet":false},"googlePixel3XL":{"image":{},"isSet":false},"samsungGalaxyS9":{"image":{},"isSet":false},"nexus6P":{"image":{},"isSet":false},"nexus9":{"image":{},"isSet":false},"samsungTabA":{"image":{},"isSet":false},"samsungTabS5e":{"image":{},"isSet":false}}},"deviceFrame":{"isSet":true,"type":"default","sizes":{"googlePixel3":{"image":{},"x":0,"y":0,"width":1320,"height":2640},"googlePixel3XL":{"image":{},"x":0,"y":0,"width":1740,"height":3409},"samsungGalaxyS9":{"image":{},"x":0,"y":0,"width":1720,"height":3440},"nexus6P":{"image":{},"x":0,"y":0,"width":1736,"height":3470},"nexus9":{"image":{},"x":0,"y":0,"width":1896,"height":2648},"samsungTabA":{"image":{},"x":0,"y":0,"width":1200,"height":1920},"samsungTabS5e":{"image":{},"x":0,"y":0,"width":1600,"height":2560}},"rotationDegrees":0,"rotationDirection":"none"},"snapshot":{"sizes":{"googlePixel3":{"image":{},"isSet":true,"x":120,"y":240,"width":1080,"height":2160},"googlePixel3XL":{"image":{},"isSet":false,"x":150,"y":150,"width":1440,"height":2960},"samsungGalaxyS9":{"image":{},"isSet":false,"x":140,"y":240,"width":1440,"height":2960},"nexus6P":{"image":{},"isSet":false,"x":144,"y":465,"width":1440,"height":2560},"nexus9":{"image":{},"isSet":false,"x":180,"y":300,"width":1536,"height":2048},"samsungTabA":{"image":{},"isSet":false,"x":142,"y":239,"width":910,"height":1452},"samsungTabS5e":{"image":{},"isSet":false,"x":138,"y":227,"width":1322,"height":2107}},"rotationDegrees":0,"rotationDirection":"none"},"caption":{"isAbove":true,"isEnabled":true,"isSet":true,"value":"Create new own sound profiles","positions":{"googlePixel3":{"x":660,"y":220},"googlePixel3XL":{"x":870,"y":220},"samsungGalaxyS9":{"x":860,"y":220},"nexus6P":{"x":868,"y":220},"nexus9":{"x":958,"y":220},"samsungTabA":{"x":600,"y":220},"samsungTabS5e":{"x":800,"y":220}},"font":{"family":"Open Sans","lineHeight":120,"weight":"400","style":"normal","size":90,"align":"center","color":"#FFFFFF"}},"subCaption":{"isEnabled":true,"isSet":true,"value":" ","positions":{"googlePixel3":{"x":660,"y":220},"googlePixel3XL":{"x":870,"y":220},"samsungGalaxyS9":{"x":860,"y":220},"nexus6P":{"x":868,"y":220},"nexus9":{"x":958,"y":220},"samsungTabA":{"x":600,"y":220},"samsungTabS5e":{"x":800,"y":220}},"font":{"family":"Roboto","lineHeight":72,"weight":400,"style":"normal","size":48,"align":"center","color":"#FFFFFF"}}},{"isActive":true,"id":"mainCanvas3","number":3,"solidColor":"#f6f6f6","layout":{"name":"Caption Above","id":"caption-above"},"gradient":{"isSet":true,"colorOne":"#ffffff","colorTwo":"#ffffff","sizes":{"googlePixel3":{"x0":0,"y0":0,"x1":1320,"y1":2640},"googlePixel3XL":{"x0":0,"y0":0,"x1":1740,"y1":3409},"samsungGalaxyS9":{"x0":0,"y0":0,"x1":1720,"y1":3440},"nexus6P":{"x0":0,"y0":0,"x1":1736,"y1":3470},"nexus9":{"x0":0,"y0":0,"x1":1896,"y1":2648},"samsungTabA":{"x0":0,"y0":0,"x1":1200,"y1":1920},"samsungTabS5e":{"x0":0,"y0":0,"x1":1600,"y1":2560}}},"backgroundImage":{"sizes":{"googlePixel3":{"image":{},"isSet":false},"googlePixel3XL":{"image":{},"isSet":false},"samsungGalaxyS9":{"image":{},"isSet":false},"nexus6P":{"image":{},"isSet":false},"nexus9":{"image":{},"isSet":false},"samsungTabA":{"image":{},"isSet":false},"samsungTabS5e":{"image":{},"isSet":false}}},"deviceFrame":{"isSet":true,"type":"default","sizes":{"googlePixel3":{"image":{},"x":0,"y":0,"width":1320,"height":2640},"googlePixel3XL":{"image":{},"x":0,"y":0,"width":1740,"height":3409},"samsungGalaxyS9":{"image":{},"x":0,"y":0,"width":1720,"height":3440},"nexus6P":{"image":{},"x":0,"y":0,"width":1736,"height":3470},"nexus9":{"image":{},"x":0,"y":0,"width":1896,"height":2648},"samsungTabA":{"image":{},"x":0,"y":0,"width":1200,"height":1920},"samsungTabS5e":{"image":{},"x":0,"y":0,"width":1600,"height":2560}},"rotationDegrees":0,"rotationDirection":"none"},"snapshot":{"sizes":{"googlePixel3":{"image":{},"isSet":false,"x":120,"y":240,"width":1080,"height":2160},"googlePixel3XL":{"image":{},"isSet":false,"x":150,"y":150,"width":1440,"height":2960},"samsungGalaxyS9":{"image":{},"isSet":false,"x":140,"y":240,"width":1440,"height":2960},"nexus6P":{"image":{},"isSet":false,"x":144,"y":465,"width":1440,"height":2560},"nexus9":{"image":{},"isSet":false,"x":180,"y":300,"width":1536,"height":2048},"samsungTabA":{"image":{},"isSet":false,"x":142,"y":239,"width":910,"height":1452},"samsungTabS5e":{"image":{},"isSet":false,"x":138,"y":227,"width":1322,"height":2107}},"rotationDegrees":0,"rotationDirection":"none"},"caption":{"isAbove":true,"isEnabled":true,"isSet":true,"value":"","positions":{"googlePixel3":{"x":660,"y":220},"googlePixel3XL":{"x":870,"y":220},"samsungGalaxyS9":{"x":860,"y":220},"nexus6P":{"x":868,"y":220},"nexus9":{"x":958,"y":220},"samsungTabA":{"x":600,"y":220},"samsungTabS5e":{"x":800,"y":220}},"font":{"family":"Playfair Display","lineHeight":120,"weight":400,"style":"normal","size":90,"align":"center","color":"#000000"}},"subCaption":{"isEnabled":true,"isSet":true,"value":"","positions":{"googlePixel3":{"x":660,"y":220},"googlePixel3XL":{"x":870,"y":220},"samsungGalaxyS9":{"x":860,"y":220},"nexus6P":{"x":868,"y":220},"nexus9":{"x":958,"y":220},"samsungTabA":{"x":600,"y":220},"samsungTabS5e":{"x":800,"y":220}},"font":{"family":"Roboto","lineHeight":72,"weight":400,"style":"normal","size":48,"align":"center","color":"#000000"}}},{"isActive":false,"id":"mainCanvas4","number":4,"solidColor":"#f6f6f6","layout":{"name":"Caption Above","id":"caption-above"},"gradient":{"isSet":true,"colorOne":"#ffffff","colorTwo":"#ffffff","sizes":{"googlePixel3":{"x0":0,"y0":0,"x1":1320,"y1":2640},"googlePixel3XL":{"x0":0,"y0":0,"x1":1740,"y1":3409},"samsungGalaxyS9":{"x0":0,"y0":0,"x1":1720,"y1":3440},"nexus6P":{"x0":0,"y0":0,"x1":1736,"y1":3470},"nexus9":{"x0":0,"y0":0,"x1":1896,"y1":2648},"samsungTabA":{"x0":0,"y0":0,"x1":1200,"y1":1920},"samsungTabS5e":{"x0":0,"y0":0,"x1":1600,"y1":2560}}},"backgroundImage":{"sizes":{"googlePixel3":{"image":{},"isSet":false},"googlePixel3XL":{"image":{},"isSet":false},"samsungGalaxyS9":{"image":{},"isSet":false},"nexus6P":{"image":{},"isSet":false},"nexus9":{"image":{},"isSet":false},"samsungTabA":{"image":{},"isSet":false},"samsungTabS5e":{"image":{},"isSet":false}}},"deviceFrame":{"isSet":true,"type":"default","sizes":{"googlePixel3":{"image":{},"x":0,"y":0,"width":1320,"height":2640},"googlePixel3XL":{"image":{},"x":0,"y":0,"width":1740,"height":3409},"samsungGalaxyS9":{"image":{},"x":0,"y":0,"width":1720,"height":3440},"nexus6P":{"image":{},"x":0,"y":0,"width":1736,"height":3470},"nexus9":{"image":{},"x":0,"y":0,"width":1896,"height":2648},"samsungTabA":{"image":{},"x":0,"y":0,"width":1200,"height":1920},"samsungTabS5e":{"image":{},"x":0,"y":0,"width":1600,"height":2560}},"rotationDegrees":0,"rotationDirection":"none"},"snapshot":{"sizes":{"googlePixel3":{"image":{},"isSet":false,"x":120,"y":240,"width":1080,"height":2160},"googlePixel3XL":{"image":{},"isSet":false,"x":150,"y":150,"width":1440,"height":2960},"samsungGalaxyS9":{"image":{},"isSet":false,"x":140,"y":240,"width":1440,"height":2960},"nexus6P":{"image":{},"isSet":false,"x":144,"y":465,"width":1440,"height":2560},"nexus9":{"image":{},"isSet":false,"x":180,"y":300,"width":1536,"height":2048},"samsungTabA":{"image":{},"isSet":false,"x":142,"y":239,"width":910,"height":1452},"samsungTabS5e":{"image":{},"isSet":false,"x":138,"y":227,"width":1322,"height":2107}},"rotationDegrees":0,"rotationDirection":"none"},"caption":{"isAbove":true,"isEnabled":true,"isSet":true,"value":"","positions":{"googlePixel3":{"x":660,"y":220},"googlePixel3XL":{"x":870,"y":220},"samsungGalaxyS9":{"x":860,"y":220},"nexus6P":{"x":868,"y":220},"nexus9":{"x":958,"y":220},"samsungTabA":{"x":600,"y":220},"samsungTabS5e":{"x":800,"y":220}},"font":{"family":"Playfair Display","lineHeight":120,"weight":400,"style":"normal","size":90,"align":"center","color":"#000000"}},"subCaption":{"isEnabled":true,"isSet":true,"value":"","positions":{"googlePixel3":{"x":660,"y":220},"googlePixel3XL":{"x":870,"y":220},"samsungGalaxyS9":{"x":860,"y":220},"nexus6P":{"x":868,"y":220},"nexus9":{"x":958,"y":220},"samsungTabA":{"x":600,"y":220},"samsungTabS5e":{"x":800,"y":220}},"font":{"family":"Roboto","lineHeight":72,"weight":400,"style":"normal","size":48,"align":"center","color":"#000000"}}},{"isActive":false,"id":"mainCanvas5","number":5,"solidColor":"#f6f6f6","layout":{"name":"Caption Above","id":"caption-above"},"gradient":{"isSet":true,"colorOne":"#ffffff","colorTwo":"#ffffff","sizes":{"googlePixel3":{"x0":0,"y0":0,"x1":1320,"y1":2640},"googlePixel3XL":{"x0":0,"y0":0,"x1":1740,"y1":3409},"samsungGalaxyS9":{"x0":0,"y0":0,"x1":1720,"y1":3440},"nexus6P":{"x0":0,"y0":0,"x1":1736,"y1":3470},"nexus9":{"x0":0,"y0":0,"x1":1896,"y1":2648},"samsungTabA":{"x0":0,"y0":0,"x1":1200,"y1":1920},"samsungTabS5e":{"x0":0,"y0":0,"x1":1600,"y1":2560}}},"backgroundImage":{"sizes":{"googlePixel3":{"image":{},"isSet":false},"googlePixel3XL":{"image":{},"isSet":false},"samsungGalaxyS9":{"image":{},"isSet":false},"nexus6P":{"image":{},"isSet":false},"nexus9":{"image":{},"isSet":false},"samsungTabA":{"image":{},"isSet":false},"samsungTabS5e":{"image":{},"isSet":false}}},"deviceFrame":{"isSet":true,"type":"default","sizes":{"googlePixel3":{"image":{},"x":0,"y":0,"width":1320,"height":2640},"googlePixel3XL":{"image":{},"x":0,"y":0,"width":1740,"height":3409},"samsungGalaxyS9":{"image":{},"x":0,"y":0,"width":1720,"height":3440},"nexus6P":{"image":{},"x":0,"y":0,"width":1736,"height":3470},"nexus9":{"image":{},"x":0,"y":0,"width":1896,"height":2648},"samsungTabA":{"image":{},"x":0,"y":0,"width":1200,"height":1920},"samsungTabS5e":{"image":{},"x":0,"y":0,"width":1600,"height":2560}},"rotationDegrees":0,"rotationDirection":"none"},"snapshot":{"sizes":{"googlePixel3":{"image":{},"isSet":false,"x":120,"y":240,"width":1080,"height":2160},"googlePixel3XL":{"image":{},"isSet":false,"x":150,"y":150,"width":1440,"height":2960},"samsungGalaxyS9":{"image":{},"isSet":false,"x":140,"y":240,"width":1440,"height":2960},"nexus6P":{"image":{},"isSet":false,"x":144,"y":465,"width":1440,"height":2560},"nexus9":{"image":{},"isSet":false,"x":180,"y":300,"width":1536,"height":2048},"samsungTabA":{"image":{},"isSet":false,"x":142,"y":239,"width":910,"height":1452},"samsungTabS5e":{"image":{},"isSet":false,"x":138,"y":227,"width":1322,"height":2107}},"rotationDegrees":0,"rotationDirection":"none"},"caption":{"isAbove":true,"isEnabled":true,"isSet":true,"value":"","positions":{"googlePixel3":{"x":660,"y":220},"googlePixel3XL":{"x":870,"y":220},"samsungGalaxyS9":{"x":860,"y":220},"nexus6P":{"x":868,"y":220},"nexus9":{"x":958,"y":220},"samsungTabA":{"x":600,"y":220},"samsungTabS5e":{"x":800,"y":220}},"font":{"family":"Playfair Display","lineHeight":120,"weight":400,"style":"normal","size":90,"align":"center","color":"#000000"}},"subCaption":{"isEnabled":true,"isSet":true,"value":"","positions":{"googlePixel3":{"x":660,"y":220},"googlePixel3XL":{"x":870,"y":220},"samsungGalaxyS9":{"x":860,"y":220},"nexus6P":{"x":868,"y":220},"nexus9":{"x":958,"y":220},"samsungTabA":{"x":600,"y":220},"samsungTabS5e":{"x":800,"y":220}},"font":{"family":"Roboto","lineHeight":72,"weight":400,"style":"normal","size":48,"align":"center","color":"#000000"}}},{"isActive":false,"id":"mainCanvas6","number":6,"solidColor":"#f6f6f6","layout":{"name":"Caption Above","id":"caption-above"},"gradient":{"isSet":true,"colorOne":"#ffffff","colorTwo":"#ffffff","sizes":{"googlePixel3":{"x0":0,"y0":0,"x1":1320,"y1":2640},"googlePixel3XL":{"x0":0,"y0":0,"x1":1740,"y1":3409},"samsungGalaxyS9":{"x0":0,"y0":0,"x1":1720,"y1":3440},"nexus6P":{"x0":0,"y0":0,"x1":1736,"y1":3470},"nexus9":{"x0":0,"y0":0,"x1":1896,"y1":2648},"samsungTabA":{"x0":0,"y0":0,"x1":1200,"y1":1920},"samsungTabS5e":{"x0":0,"y0":0,"x1":1600,"y1":2560}}},"backgroundImage":{"sizes":{"googlePixel3":{"image":{},"isSet":false},"googlePixel3XL":{"image":{},"isSet":false},"samsungGalaxyS9":{"image":{},"isSet":false},"nexus6P":{"image":{},"isSet":false},"nexus9":{"image":{},"isSet":false},"samsungTabA":{"image":{},"isSet":false},"samsungTabS5e":{"image":{},"isSet":false}}},"deviceFrame":{"isSet":true,"type":"default","sizes":{"googlePixel3":{"image":{},"x":0,"y":0,"width":1320,"height":2640},"googlePixel3XL":{"image":{},"x":0,"y":0,"width":1740,"height":3409},"samsungGalaxyS9":{"image":{},"x":0,"y":0,"width":1720,"height":3440},"nexus6P":{"image":{},"x":0,"y":0,"width":1736,"height":3470},"nexus9":{"image":{},"x":0,"y":0,"width":1896,"height":2648},"samsungTabA":{"image":{},"x":0,"y":0,"width":1200,"height":1920},"samsungTabS5e":{"image":{},"x":0,"y":0,"width":1600,"height":2560}},"rotationDegrees":0,"rotationDirection":"none"},"snapshot":{"sizes":{"googlePixel3":{"image":{},"isSet":false,"x":120,"y":240,"width":1080,"height":2160},"googlePixel3XL":{"image":{},"isSet":false,"x":150,"y":150,"width":1440,"height":2960},"samsungGalaxyS9":{"image":{},"isSet":false,"x":140,"y":240,"width":1440,"height":2960},"nexus6P":{"image":{},"isSet":false,"x":144,"y":465,"width":1440,"height":2560},"nexus9":{"image":{},"isSet":false,"x":180,"y":300,"width":1536,"height":2048},"samsungTabA":{"image":{},"isSet":false,"x":142,"y":239,"width":910,"height":1452},"samsungTabS5e":{"image":{},"isSet":false,"x":138,"y":227,"width":1322,"height":2107}},"rotationDegrees":0,"rotationDirection":"none"},"caption":{"isAbove":true,"isEnabled":true,"isSet":true,"value":"","positions":{"googlePixel3":{"x":660,"y":220},"googlePixel3XL":{"x":870,"y":220},"samsungGalaxyS9":{"x":860,"y":220},"nexus6P":{"x":868,"y":220},"nexus9":{"x":958,"y":220},"samsungTabA":{"x":600,"y":220},"samsungTabS5e":{"x":800,"y":220}},"font":{"family":"Playfair Display","lineHeight":120,"weight":400,"style":"normal","size":90,"align":"center","color":"#000000"}},"subCaption":{"isEnabled":true,"isSet":true,"value":"","positions":{"googlePixel3":{"x":660,"y":220},"googlePixel3XL":{"x":870,"y":220},"samsungGalaxyS9":{"x":860,"y":220},"nexus6P":{"x":868,"y":220},"nexus9":{"x":958,"y":220},"samsungTabA":{"x":600,"y":220},"samsungTabS5e":{"x":800,"y":220}},"font":{"family":"Roboto","lineHeight":72,"weight":400,"style":"normal","size":48,"align":"center","color":"#000000"}}},{"isActive":false,"id":"mainCanvas7","number":7,"solidColor":"#f6f6f6","layout":{"name":"Caption Above","id":"caption-above"},"gradient":{"isSet":true,"colorOne":"#ffffff","colorTwo":"#ffffff","sizes":{"googlePixel3":{"x0":0,"y0":0,"x1":1320,"y1":2640},"googlePixel3XL":{"x0":0,"y0":0,"x1":1740,"y1":3409},"samsungGalaxyS9":{"x0":0,"y0":0,"x1":1720,"y1":3440},"nexus6P":{"x0":0,"y0":0,"x1":1736,"y1":3470},"nexus9":{"x0":0,"y0":0,"x1":1896,"y1":2648},"samsungTabA":{"x0":0,"y0":0,"x1":1200,"y1":1920},"samsungTabS5e":{"x0":0,"y0":0,"x1":1600,"y1":2560}}},"backgroundImage":{"sizes":{"googlePixel3":{"image":{},"isSet":false},"googlePixel3XL":{"image":{},"isSet":false},"samsungGalaxyS9":{"image":{},"isSet":false},"nexus6P":{"image":{},"isSet":false},"nexus9":{"image":{},"isSet":false},"samsungTabA":{"image":{},"isSet":false},"samsungTabS5e":{"image":{},"isSet":false}}},"deviceFrame":{"isSet":true,"type":"default","sizes":{"googlePixel3":{"image":{},"x":0,"y":0,"width":1320,"height":2640},"googlePixel3XL":{"image":{},"x":0,"y":0,"width":1740,"height":3409},"samsungGalaxyS9":{"image":{},"x":0,"y":0,"width":1720,"height":3440},"nexus6P":{"image":{},"x":0,"y":0,"width":1736,"height":3470},"nexus9":{"image":{},"x":0,"y":0,"width":1896,"height":2648},"samsungTabA":{"image":{},"x":0,"y":0,"width":1200,"height":1920},"samsungTabS5e":{"image":{},"x":0,"y":0,"width":1600,"height":2560}},"rotationDegrees":0,"rotationDirection":"none"},"snapshot":{"sizes":{"googlePixel3":{"image":{},"isSet":false,"x":120,"y":240,"width":1080,"height":2160},"googlePixel3XL":{"image":{},"isSet":false,"x":150,"y":150,"width":1440,"height":2960},"samsungGalaxyS9":{"image":{},"isSet":false,"x":140,"y":240,"width":1440,"height":2960},"nexus6P":{"image":{},"isSet":false,"x":144,"y":465,"width":1440,"height":2560},"nexus9":{"image":{},"isSet":false,"x":180,"y":300,"width":1536,"height":2048},"samsungTabA":{"image":{},"isSet":false,"x":142,"y":239,"width":910,"height":1452},"samsungTabS5e":{"image":{},"isSet":false,"x":138,"y":227,"width":1322,"height":2107}},"rotationDegrees":0,"rotationDirection":"none"},"caption":{"isAbove":true,"isEnabled":true,"isSet":true,"value":"","positions":{"googlePixel3":{"x":660,"y":220},"googlePixel3XL":{"x":870,"y":220},"samsungGalaxyS9":{"x":860,"y":220},"nexus6P":{"x":868,"y":220},"nexus9":{"x":958,"y":220},"samsungTabA":{"x":600,"y":220},"samsungTabS5e":{"x":800,"y":220}},"font":{"family":"Playfair Display","lineHeight":120,"weight":400,"style":"normal","size":90,"align":"center","color":"#000000"}},"subCaption":{"isEnabled":true,"isSet":true,"value":"","positions":{"googlePixel3":{"x":660,"y":220},"googlePixel3XL":{"x":870,"y":220},"samsungGalaxyS9":{"x":860,"y":220},"nexus6P":{"x":868,"y":220},"nexus9":{"x":958,"y":220},"samsungTabA":{"x":600,"y":220},"samsungTabS5e":{"x":800,"y":220}},"font":{"family":"Roboto","lineHeight":72,"weight":400,"style":"normal","size":48,"align":"center","color":"#000000"}}}]